{
  "timestamp": "2025-02-23 16:43:23",
  "report_path": "models\\drift_report_20250223_1642.html",
  "target_drift": {
    "statistic": 0.0007160092109603249,
    "pvalue": 1.0
  },
  "top_drifted_features": {
    "feature_2": 0.0425207567377787,
    "feature_1": 0.027838132822906023,
    "feature_0": 0.025610479849941303,
    "feature_5": 0.019668077850478877,
    "feature_872": 0.019293261158944763,
    "feature_825": 0.017463941169663242,
    "feature_285": 0.017235585595899747,
    "feature_840": 0.017043123310153282,
    "feature_284": 0.016549900024815878,
    "feature_333": 0.015875147466748684
  }
}